{
  "threshold": 60.0,
  "binary_metrics": {
    "accuracy": 0.7777777777777778,
    "precision": 0.95,
    "recall": 0.7916666666666666,
    "f1": 0.8636363636363636
  },
  "category_metrics": {
    "not_scam_irrelevant": {
      "f1": 0.4444444444444444,
      "precision": 0.3333333333333333,
      "recall": 0.6666666666666666,
      "support": 3
    },
    "scam_job": {
      "f1": 0.6666666666666666,
      "precision": 0.5,
      "recall": 1.0,
      "support": 1
    },
    "scam_other": {
      "f1": 0.8571428571428571,
      "precision": 0.9473684210526315,
      "recall": 0.782608695652174,
      "support": 23
    }
  },
  "confusion_matrix_binary": [
    [
      2,
      1
    ],
    [
      5,
      19
    ]
  ],
  "confusion_matrix_multi": [
    [
      2,
      0,
      1
    ],
    [
      0,
      1,
      0
    ],
    [
      4,
      1,
      18
    ]
  ],
  "categories": [
    "not_scam_irrelevant",
    "scam_job",
    "scam_other"
  ]
}